Store,Status
AULS.ADL115,Closed
AULS.ADL105,Closed
AUPG.ADL106,Closed
AUPG.ADL107,Closed
AULS.BNE202,Closed
AULS.BNE203,Closed
AULS.BNE204,Closed
AULS.BNE206,Closed
AULS.BNE207,Closed
AULS.CBR101,Closed
AULS.CNS107,Closed
AULS.CNS108,Closed
AULS.CNS109,Closed
AULS.CNS208,Closed
AULS.CNS214,Closed
AUPG.CNS206,Closed
AULS.OOL111,Closed
AULS.MEL103,Closed
AULS.MEL117,Closed
AULS.MEL206,Closed
AULS.MEL222,Closed
AULS.MEL223,Closed
AULS.MEL302,Closed
AULS.MEL303,Closed
AULS.MEL905,Closed
AULS.MEL906,Closed
AULS.MEL907,Closed
AULS.PER204,Closed
AULS.PER403,Closed
AUPG.PER105,Closed
AULS.SYD209,Closed
AULS.SYD303,Closed
AULS.SYD904,Closed
AULS.SYD605,Closed
AUDF.CNS210,Closed
AUDF.CNS211,Closed
AUDF.CNS213,Closed
AUDF.MEL407,Closed
AUDF.OOL106,Closed
AUDF.OOL107,Closed
AUDF.OOL108,Closed
AUDF.SYD212,Closed
AUDF.SYD213,Closed
NZDF.AKL114,Closed
NZDF.AKL110,Closed
NZDF.AKL111,Closed
NZLS.AKL107,Closed
NZLS.CHC109,Closed